CustomerID,Gender,Age,Country,Tenure_Years,Balance,NumOfProducts,HasCreditCard,IsActiveMember,EstimatedSalary,Exited
30001,Female,32,Spain,3,248728,2,No,No,85004,0
30002,Female,63,France,5,74139,3,Yes,No,66250,0
30003,Male,27,Spain,3,47288,1,Yes,No,139666,0
30004,Female,62,Spain,9,77118,2,Yes,Yes,97044,0
30005,Male,57,Germany,3,51994,2,Yes,Yes,86991,0
30006,Female,44,Germany,1,193264,1,No,Yes,40632,0
30007,Female,35,France,6,229233,2,No,No,76042,0
30008,Male,23,Germany,12,129096,1,No,Yes,110948,0
30009,Female,19,Germany,7,230718,3,No,No,103691,1
30010,Female,30,Germany,5,86740,1,No,No,142915,0
30011,Male,53,Germany,4,210178,2,Yes,No,128902,1
30012,Female,40,France,4,19406,1,Yes,Yes,134121,0
30013,Female,69,Germany,4,42130,1,Yes,No,65935,0
30014,Male,67,France,14,25795,3,Yes,No,86264,0
30015,Male,18,Germany,12,206792,3,No,No,95149,0
30016,Female,25,France,1,90527,3,Yes,No,95018,1
30017,Male,18,Germany,7,92411,1,Yes,No,98334,0
30018,Male,44,France,12,35374,3,No,No,116490,0
30019,Male,37,Spain,12,199523,2,Yes,No,128893,1
30020,Male,36,Spain,12,167313,1,Yes,Yes,130075,1
30021,Male,25,Spain,5,5159,2,Yes,Yes,48272,0
30022,Female,23,France,14,236462,3,Yes,Yes,67465,1
30023,Male,47,Germany,7,211135,3,No,No,108315,0
30024,Male,19,Spain,6,8051,2,No,Yes,145413,0
30025,Female,46,France,9,78486,1,No,Yes,24781,0
30026,Female,24,France,9,63838,1,Yes,Yes,68707,0
30027,Male,39,Spain,8,57695,3,No,No,89578,0
30028,Male,69,Germany,6,213905,1,Yes,No,62755,0
30029,Female,41,Spain,13,72652,2,Yes,No,60757,0
30030,Male,45,France,9,153184,3,Yes,Yes,87951,0
30031,Male,68,Spain,14,93554,3,Yes,Yes,45144,0
30032,Female,21,Spain,6,169550,1,No,Yes,96432,0
30033,Male,54,Germany,7,198457,3,No,Yes,134651,1
30034,Male,24,France,11,196831,2,Yes,Yes,31320,0
30035,Male,54,France,14,139088,2,No,No,122896,0
30036,Female,52,Germany,7,232951,1,Yes,No,127364,1
30037,Female,45,France,13,40384,2,No,No,99696,0
30038,Male,72,France,9,209201,3,No,No,56164,0
30039,Female,26,Spain,8,18308,3,Yes,No,88870,0
30040,Female,26,Spain,4,67883,2,No,No,52470,1
30041,Female,28,Germany,8,237413,3,Yes,Yes,56576,0
30042,Female,59,France,6,111984,3,Yes,No,93805,1
30043,Female,38,France,4,218727,1,No,No,107136,0
30044,Male,22,Spain,8,202118,2,Yes,No,74035,0
30045,Female,62,Germany,14,235506,1,Yes,No,31432,1
30046,Male,41,Germany,2,238351,1,No,No,54286,0
30047,Male,19,Germany,10,142347,2,Yes,No,89806,0
30048,Male,25,Germany,10,203394,1,No,No,145244,1
30049,Male,26,France,4,121081,2,No,Yes,110656,0
30050,Female,61,Germany,1,211604,1,Yes,No,116370,0
30051,Male,66,Spain,14,199977,2,No,Yes,38082,1
30052,Female,42,Germany,4,23761,1,Yes,Yes,93033,0
30053,Female,60,Germany,5,100421,2,No,Yes,60379,0
30054,Female,39,Germany,13,93371,3,Yes,No,108148,0
30055,Male,41,Germany,13,19744,1,No,Yes,120466,0
30056,Female,64,France,7,140603,3,Yes,No,139040,0
30057,Male,36,Germany,7,167126,1,No,Yes,82468,1
30058,Female,37,Germany,2,93768,2,No,Yes,114507,0
30059,Female,32,France,9,13959,3,Yes,Yes,86771,0
30060,Male,55,Germany,13,25179,2,Yes,Yes,85020,0
30061,Female,53,Germany,6,142452,2,Yes,No,23171,0
30062,Male,50,Spain,12,225761,2,No,No,128952,0
30063,Male,41,Spain,13,99018,1,Yes,No,37661,0
30064,Female,41,Spain,4,225838,2,No,Yes,20490,1
30065,Male,65,France,11,150042,1,Yes,No,133843,0
30066,Male,74,Spain,6,218083,3,No,No,50933,1
30067,Male,65,France,12,186963,2,No,Yes,40414,1
30068,Female,52,France,1,117969,3,Yes,No,122220,1
30069,Female,50,Germany,4,54762,3,No,No,31917,0
30070,Male,53,Spain,10,121385,1,No,No,22791,0
30071,Male,35,Spain,1,75820,3,No,No,125493,1
30072,Male,59,France,4,99329,2,Yes,Yes,100293,0
30073,Female,50,Spain,10,207381,3,Yes,No,120660,0
30074,Male,50,France,9,213573,2,No,No,40757,0
30075,Female,65,Germany,8,226591,2,Yes,No,76384,0
30076,Female,36,France,10,60961,3,Yes,Yes,103800,1
30077,Male,22,Germany,11,221191,2,Yes,No,149358,0
30078,Female,20,Spain,4,153223,2,No,Yes,108860,0
30079,Female,33,Spain,3,32840,1,No,Yes,114551,0
30080,Male,59,Spain,10,146141,1,Yes,No,80136,0
30081,Female,25,Germany,8,110252,2,No,No,25219,0
30082,Male,51,France,9,202162,1,No,No,88169,1
30083,Male,60,Germany,7,99709,3,No,Yes,102207,0
30084,Male,69,Germany,3,32639,2,Yes,Yes,36761,1
30085,Male,23,Spain,14,239973,2,Yes,No,108336,1
30086,Male,54,Spain,6,210612,1,No,Yes,111332,0
30087,Female,28,France,7,234754,2,Yes,Yes,121968,0
30088,Male,46,Germany,13,141316,2,No,Yes,65461,0
30089,Female,35,Germany,5,38422,3,Yes,No,39954,0
30090,Male,73,Spain,14,248339,3,Yes,Yes,89498,0
30091,Male,26,France,12,122454,2,No,No,83263,0
30092,Male,24,France,6,27841,3,Yes,No,98007,0
30093,Male,34,Spain,8,36666,2,No,Yes,43538,0
30094,Male,38,France,6,136315,3,Yes,Yes,50317,0
30095,Male,21,Spain,3,128840,2,Yes,No,35032,1
30096,Male,66,Germany,6,197398,3,No,Yes,48290,0
30097,Female,30,Spain,6,216494,1,Yes,No,134530,0
30098,Female,30,Germany,12,67537,2,No,No,49906,0
30099,Male,19,Germany,5,95291,3,No,Yes,56466,0
30100,Female,36,Germany,14,233933,1,No,No,43331,0
30101,Female,41,Spain,6,229637,3,Yes,No,30207,0
30102,Male,42,France,9,237168,2,No,Yes,112554,1
30103,Male,26,France,14,33673,2,No,Yes,121723,0
30104,Female,72,France,9,34506,2,Yes,No,73879,0
30105,Male,34,France,14,231486,2,No,Yes,54005,0
30106,Male,69,France,6,31625,1,Yes,Yes,108527,1
30107,Female,39,Germany,1,183570,1,Yes,Yes,67846,0
30108,Male,72,France,13,184657,1,No,No,48420,0
30109,Male,37,Spain,11,223763,1,No,No,110909,0
30110,Male,49,Germany,2,178985,2,Yes,Yes,48134,0
30111,Male,72,Spain,7,68072,1,Yes,No,46215,1
30112,Male,21,France,10,174324,3,Yes,Yes,68525,0
30113,Male,65,France,3,39273,1,No,No,78661,0
30114,Female,52,France,11,139563,1,Yes,No,64215,1
30115,Female,43,Spain,9,4358,2,No,No,38807,0
30116,Female,59,Germany,10,248108,3,No,No,90833,0
30117,Male,32,Spain,3,246961,2,Yes,Yes,79620,1
30118,Male,27,Spain,12,58445,2,Yes,No,114206,0
30119,Male,25,France,5,58210,3,No,Yes,43099,0
30120,Female,56,Spain,3,31539,2,Yes,No,109003,0
30121,Female,67,France,11,59683,3,No,No,83791,0
30122,Female,40,France,7,102555,1,Yes,No,137514,0
30123,Female,66,Spain,7,229399,2,Yes,Yes,142210,0
30124,Male,51,France,1,30855,3,Yes,No,139427,1
30125,Female,65,Germany,6,69117,2,No,Yes,136144,0
30126,Male,49,Spain,6,225023,1,Yes,No,67994,0
30127,Female,64,Spain,6,177713,1,Yes,Yes,39059,0
30128,Female,52,France,5,93605,2,No,Yes,95160,0
30129,Female,23,Germany,11,30837,1,No,Yes,80020,0
30130,Male,32,France,9,92429,1,No,Yes,81464,0
30131,Male,30,Germany,12,134677,3,No,Yes,39518,1
30132,Female,34,France,7,237310,3,Yes,No,93928,0
30133,Female,46,France,13,100942,2,Yes,Yes,90448,1
30134,Female,38,Spain,11,174530,1,No,No,54945,0
30135,Male,36,Germany,10,200243,1,No,Yes,145775,0
30136,Male,27,France,13,247072,3,Yes,No,73361,0
30137,Male,74,Spain,3,25712,2,Yes,No,63196,0
30138,Male,55,Germany,2,134105,2,No,Yes,124131,1
30139,Male,52,Spain,3,62665,1,Yes,Yes,41025,0
30140,Female,24,Spain,7,131738,3,No,Yes,115300,0
30141,Female,48,Germany,3,123509,3,Yes,No,99759,0
30142,Female,21,France,1,208056,2,Yes,No,44950,1
30143,Female,25,Spain,9,217613,2,No,No,42736,0
30144,Male,24,France,13,11430,2,Yes,Yes,62708,0
30145,Female,71,France,14,49021,1,No,Yes,40421,0
30146,Female,74,Spain,14,94084,3,No,Yes,45133,0
30147,Male,31,Spain,3,226373,2,No,No,83384,0
30148,Male,28,Germany,4,100809,1,No,Yes,64435,0
30149,Male,51,Germany,12,55279,1,Yes,Yes,131175,0
30150,Female,60,France,12,83018,3,No,Yes,40455,0
30151,Male,18,Spain,7,120395,1,Yes,No,39215,1
30152,Female,42,Spain,2,109044,1,No,No,98336,0
30153,Female,72,France,7,109380,1,Yes,No,56143,0
30154,Male,74,Germany,3,99881,2,No,No,55702,0
30155,Female,54,France,10,180408,2,No,No,70604,0
30156,Male,41,Spain,12,239510,1,Yes,No,133458,0
30157,Male,64,France,4,111118,3,Yes,No,33785,0
30158,Male,20,France,8,124039,3,Yes,No,115822,0
30159,Male,72,Germany,6,208200,3,No,Yes,63887,0
30160,Female,56,France,14,222467,1,Yes,No,139021,1
30161,Female,23,France,1,143370,1,No,Yes,149642,0
30162,Male,73,Spain,10,223187,2,Yes,Yes,93374,1
30163,Male,35,Germany,2,202192,2,Yes,Yes,21897,1
30164,Male,19,Spain,3,190081,3,No,No,85235,0
30165,Female,27,Germany,6,213428,1,No,Yes,120713,0
30166,Female,69,France,11,97757,2,No,Yes,83535,1
30167,Female,31,Germany,11,244043,1,No,Yes,58785,0
30168,Male,31,France,13,167947,2,Yes,No,58522,0
30169,Male,51,Spain,4,48704,3,No,Yes,64123,0
30170,Male,25,Germany,14,190360,3,No,No,77406,0
30171,Male,44,Germany,11,213655,2,Yes,Yes,141071,0
30172,Male,28,Spain,3,2126,3,No,Yes,46511,0
30173,Male,70,Spain,3,183613,1,No,Yes,59759,0
30174,Male,64,France,4,220387,2,No,No,106274,0
30175,Male,56,Spain,8,232655,3,Yes,No,81307,1
30176,Female,74,France,4,231320,1,No,No,112049,0
30177,Male,27,France,10,46345,1,No,Yes,122254,0
30178,Female,52,Spain,14,40851,1,Yes,No,67609,1
30179,Female,56,Spain,6,210483,2,No,Yes,91401,1
30180,Female,72,France,3,59239,1,Yes,Yes,89419,0
30181,Male,51,Germany,14,181287,3,No,No,99945,0
30182,Male,40,Germany,9,213063,1,Yes,Yes,140776,0
30183,Male,44,Spain,11,191956,1,Yes,No,136703,0
30184,Female,26,France,7,107734,3,No,Yes,126598,0
30185,Male,72,Germany,14,20398,2,Yes,Yes,111966,0
30186,Female,21,Germany,4,228050,2,No,Yes,73479,0
30187,Male,58,Germany,12,34377,2,Yes,Yes,63553,0
30188,Female,46,France,11,139227,3,Yes,No,57740,0
30189,Female,65,Germany,14,112842,3,Yes,No,107368,0
30190,Female,65,Germany,6,206026,1,No,Yes,134798,0
30191,Female,57,France,4,102955,3,Yes,No,147327,0
30192,Female,20,Germany,8,36913,3,No,Yes,32619,0
30193,Female,62,Spain,3,4057,3,Yes,No,56313,0
30194,Male,41,Germany,5,120687,2,Yes,Yes,65810,0
30195,Female,63,France,9,126796,1,No,No,127922,0
30196,Female,49,Spain,14,48914,3,Yes,No,39218,0
30197,Female,19,Germany,1,111692,2,No,No,98284,0
30198,Female,74,Spain,11,119488,1,No,No,101810,0
30199,Female,54,France,11,21583,3,No,Yes,61312,0
30200,Female,41,Germany,5,99222,1,Yes,No,112680,0
30201,Male,22,Germany,1,8390,3,Yes,No,54508,0
30202,Male,32,France,13,221245,1,No,Yes,142991,1
30203,Female,53,France,3,95278,3,Yes,No,45831,0
30204,Female,40,Spain,13,2292,2,Yes,No,62833,0
30205,Male,48,Germany,9,51427,1,No,Yes,89239,0
30206,Female,62,Spain,5,245093,2,Yes,Yes,119100,0
30207,Female,57,Spain,11,113508,2,No,No,99533,1
30208,Female,22,Spain,5,57649,3,Yes,No,146121,0
30209,Male,41,Spain,3,236229,2,Yes,Yes,146418,0
30210,Female,55,Spain,11,113779,3,No,No,136187,0
30211,Male,64,Spain,6,46513,1,No,No,123457,0
30212,Female,20,Spain,11,102826,3,No,No,142336,1
30213,Male,67,Germany,2,155200,2,Yes,Yes,54180,0
30214,Male,53,Spain,9,72661,3,Yes,No,53568,1
30215,Female,20,Germany,11,42338,3,Yes,Yes,89866,0
30216,Female,18,Spain,1,6839,2,Yes,Yes,79591,0
30217,Male,70,Spain,4,190621,2,No,Yes,33897,0
30218,Female,25,Spain,3,241214,2,Yes,No,149746,0
30219,Female,47,Spain,7,180810,1,No,Yes,74423,0
30220,Female,60,Germany,2,98601,3,Yes,No,102108,0
30221,Male,68,France,12,230883,3,No,No,70959,1
30222,Female,26,Germany,4,238092,1,No,No,64098,0
30223,Female,34,Germany,10,41639,1,Yes,No,38505,0
30224,Male,68,Germany,3,79968,2,No,Yes,130994,0
30225,Female,25,Germany,6,135972,1,Yes,No,39362,1
30226,Female,50,France,6,226474,3,No,Yes,55802,0
30227,Female,38,Spain,1,195627,1,Yes,No,55256,1
30228,Male,29,France,4,202715,2,Yes,No,37252,1
30229,Female,30,Spain,14,183491,2,No,Yes,96497,1
30230,Male,34,Spain,3,245669,1,Yes,No,123667,0
30231,Male,71,Spain,12,176109,1,Yes,No,83201,0
30232,Female,56,Spain,5,206368,2,Yes,No,132925,0
30233,Female,54,Spain,14,88783,2,No,Yes,66619,0
30234,Female,50,Germany,8,75905,2,No,No,98473,0
30235,Female,27,Spain,1,159502,3,Yes,No,46716,0
30236,Female,19,Spain,2,3609,3,Yes,Yes,119851,1
30237,Male,55,France,12,203083,1,Yes,No,88925,0
30238,Male,26,Germany,4,87598,2,Yes,Yes,40220,0
30239,Female,63,Germany,3,123834,1,No,Yes,35329,0
30240,Female,57,Spain,14,52137,1,Yes,No,59651,0
30241,Male,48,Germany,7,157369,2,Yes,No,146269,0
30242,Male,57,France,6,71728,3,Yes,No,84387,0
30243,Male,23,Spain,10,193173,1,Yes,No,43323,0
30244,Male,57,Germany,2,127264,3,Yes,Yes,111719,0
30245,Male,68,Spain,4,26444,2,No,Yes,71884,0
30246,Male,50,Spain,2,142265,1,Yes,No,101225,0
30247,Male,52,Spain,10,42529,1,No,Yes,65966,0
30248,Male,42,France,12,175787,3,No,Yes,33877,0
30249,Male,25,Germany,10,185390,1,Yes,Yes,126179,1
30250,Male,37,Germany,14,164840,1,Yes,Yes,20466,0
30251,Female,55,France,7,95921,2,Yes,No,86944,0
30252,Male,59,Spain,7,174253,2,Yes,No,83004,0
30253,Female,37,France,8,151117,3,No,No,73842,0
30254,Male,55,Germany,11,243159,2,No,No,46983,0
30255,Female,73,France,4,114525,3,No,Yes,25730,0
30256,Male,42,Germany,6,78436,2,No,No,53791,0
30257,Female,50,Germany,13,16525,3,No,Yes,52350,0
30258,Male,33,Germany,5,218915,2,Yes,No,31396,0
30259,Female,40,France,4,107516,2,Yes,No,37650,0
30260,Female,70,France,5,6496,3,Yes,No,119091,0
30261,Male,51,Spain,5,24089,1,Yes,No,34832,0
30262,Female,55,Germany,11,188671,2,No,No,85887,1
30263,Female,20,Spain,7,81577,3,Yes,No,133923,0
30264,Female,27,France,6,208031,2,No,Yes,82893,0
30265,Male,32,Germany,9,147961,3,Yes,No,146732,0
30266,Male,55,France,3,97284,1,Yes,No,115684,0
30267,Male,42,Spain,8,204678,1,Yes,No,132301,0
30268,Male,37,France,11,135126,3,No,Yes,33000,0
30269,Male,37,Germany,13,125096,2,No,Yes,51649,0
30270,Male,33,Germany,12,157283,3,No,Yes,139096,0
30271,Male,53,France,8,32533,3,No,No,38820,1
30272,Male,23,Germany,7,88284,3,Yes,Yes,58771,1
30273,Female,49,France,8,47575,3,Yes,No,139523,1
30274,Male,71,Spain,5,37872,1,Yes,No,76219,0
30275,Male,43,Spain,3,104266,2,Yes,No,36925,0
30276,Male,53,France,4,116920,3,Yes,Yes,84551,0
30277,Female,48,Germany,4,98043,1,Yes,Yes,129595,0
30278,Male,53,France,4,239353,2,No,Yes,135393,0
30279,Female,72,France,6,166717,1,No,Yes,27339,0
30280,Male,20,France,4,91233,3,Yes,Yes,24455,0
30281,Male,36,Spain,4,42098,1,No,No,47339,0
30282,Male,22,Germany,7,213404,3,No,Yes,23747,0
30283,Male,29,Spain,3,202709,1,Yes,No,142939,0
30284,Female,50,France,9,244993,3,No,No,106483,0
30285,Female,30,France,6,55046,1,No,Yes,48377,0
30286,Female,44,France,3,119585,1,Yes,No,34921,0
30287,Female,28,Germany,9,117488,2,No,Yes,27145,0
30288,Male,33,France,10,154866,1,No,Yes,74773,0
30289,Female,49,Germany,11,42208,3,Yes,No,138134,0
30290,Female,60,Germany,9,179115,1,Yes,No,32159,1
30291,Female,56,Spain,1,228118,3,Yes,No,100134,1
30292,Female,64,Spain,13,176793,1,No,No,89643,0
30293,Male,36,France,8,50810,1,No,No,132058,0
30294,Female,57,Spain,5,178668,3,No,No,69164,0
30295,Female,21,Spain,3,45610,3,Yes,No,131913,1
30296,Female,51,Spain,12,25103,1,No,No,114712,0
30297,Male,73,France,4,168679,3,No,Yes,92595,0
30298,Male,64,France,6,222933,3,Yes,No,59992,0
30299,Female,34,France,3,33286,1,Yes,Yes,147605,0
30300,Male,73,Spain,9,124025,2,No,No,58288,0
30301,Male,66,Germany,6,29535,1,Yes,No,132542,0
30302,Male,27,France,10,25552,3,Yes,Yes,145143,0
30303,Male,54,France,13,240596,3,No,Yes,144810,0
30304,Male,50,Germany,3,170123,1,Yes,No,135385,0
30305,Female,59,Germany,4,53847,1,No,Yes,64080,0
30306,Female,73,France,11,161788,3,Yes,Yes,105153,1
30307,Male,21,Spain,12,76682,1,Yes,Yes,24315,0
30308,Male,57,Spain,3,73888,3,Yes,Yes,87324,0
30309,Male,30,France,13,162206,3,Yes,Yes,102295,1
30310,Female,50,Spain,4,108192,2,No,Yes,125413,0
30311,Male,64,France,7,201805,1,No,Yes,42841,1
30312,Male,67,Spain,8,173143,3,Yes,No,55596,0
30313,Female,47,Spain,12,35517,2,Yes,No,73088,0
30314,Male,69,Spain,1,151253,2,Yes,No,59579,1
30315,Male,66,Germany,3,108090,3,Yes,No,24079,0
30316,Male,57,Spain,11,164911,3,No,No,117555,0
30317,Male,71,France,8,119578,3,No,Yes,21385,0
30318,Female,46,Spain,3,245610,3,Yes,No,109553,1
30319,Male,56,France,7,11072,1,Yes,Yes,138578,0
30320,Male,20,Spain,4,183995,1,No,Yes,139007,0
30321,Female,57,France,1,111169,2,Yes,No,22521,0
30322,Female,72,France,10,31728,2,Yes,No,67340,0
30323,Male,51,Germany,3,233079,3,Yes,No,113268,0
30324,Female,18,Spain,2,97979,3,Yes,No,74940,0
30325,Female,54,Spain,2,244586,3,Yes,No,57088,1
30326,Female,55,Germany,7,226703,1,No,Yes,123731,0
30327,Female,20,France,8,130327,3,No,No,87031,1
30328,Female,68,Germany,2,118162,2,No,No,51600,0
30329,Female,26,Spain,12,216958,1,No,No,122699,0
30330,Male,69,Spain,1,14265,1,No,No,78321,0
30331,Male,31,Germany,7,227255,3,No,No,72462,0
30332,Female,72,Spain,3,233370,1,Yes,No,83801,0
30333,Female,57,Germany,1,226732,1,No,Yes,64675,0
30334,Female,39,France,6,17865,1,Yes,No,99303,0
30335,Male,19,France,10,49304,2,No,No,102869,1
30336,Male,38,Spain,11,81244,3,Yes,No,67214,0
30337,Male,74,Germany,11,75413,2,No,Yes,51560,0
30338,Female,66,Germany,8,23803,3,No,Yes,42002,0
30339,Male,49,Spain,8,40158,1,Yes,Yes,120692,0
30340,Female,57,Spain,5,233576,1,No,No,116492,1
30341,Female,60,France,12,47906,1,Yes,No,107335,1
30342,Male,70,Germany,7,1956,3,No,No,127195,0
30343,Female,51,France,6,154368,3,No,Yes,116650,0
30344,Female,74,Spain,14,218766,2,No,Yes,34969,0
30345,Female,32,Spain,13,60825,3,Yes,No,72463,0
30346,Female,61,Spain,11,234750,3,Yes,No,28211,1
30347,Male,30,France,8,224080,1,Yes,No,48417,0
30348,Female,42,France,14,171569,3,No,Yes,145111,0
30349,Male,39,France,14,24646,3,No,Yes,115817,0
30350,Female,35,France,14,162773,2,No,Yes,106588,0
30351,Female,66,Spain,10,48431,3,Yes,Yes,39288,0
30352,Male,27,Germany,2,29010,3,No,Yes,40573,1
30353,Male,46,Germany,8,193216,3,No,No,49498,1
30354,Female,52,Germany,11,154142,1,No,Yes,133920,0
30355,Male,30,France,4,139201,1,Yes,No,29929,0
30356,Male,27,Spain,14,160151,1,No,Yes,113370,0
30357,Male,53,Germany,1,119459,1,Yes,No,65170,0
30358,Male,39,France,5,95089,3,Yes,No,134265,0
30359,Male,25,France,8,48049,1,No,Yes,93008,0
30360,Male,27,Germany,4,122740,3,No,Yes,148454,0
30361,Female,47,France,13,43247,2,Yes,Yes,127478,0
30362,Female,30,Spain,6,134943,3,No,Yes,101241,0
30363,Female,23,France,7,10609,1,Yes,No,32357,0
30364,Female,57,France,2,235837,3,No,Yes,141942,0
30365,Male,26,France,12,238556,1,No,Yes,149216,0
30366,Female,74,Spain,12,19367,1,No,Yes,75084,0
30367,Male,68,Germany,4,144979,1,No,No,49459,0
30368,Female,55,France,11,173531,3,Yes,No,70339,0
30369,Female,55,France,4,27394,3,No,Yes,130149,0
30370,Male,59,Spain,4,223130,3,Yes,No,146263,0
30371,Male,27,France,14,158520,3,No,Yes,84586,1
30372,Female,72,Germany,2,191637,2,No,No,124965,0
30373,Female,54,Germany,10,149106,1,Yes,No,51015,0
30374,Female,24,Germany,2,236185,1,Yes,No,106339,0
30375,Female,39,France,1,148964,1,Yes,Yes,130641,0
30376,Male,67,France,10,219379,1,Yes,Yes,104205,0
30377,Male,19,France,14,210498,1,No,Yes,147980,0
30378,Male,71,Spain,4,213010,3,No,No,145445,0
30379,Female,24,France,13,164878,3,No,Yes,141567,0
30380,Male,20,Spain,13,15740,2,Yes,No,82409,0
30381,Male,63,Spain,7,12662,1,Yes,No,51801,0
30382,Female,51,Germany,9,173431,3,No,No,31568,0
30383,Male,54,Germany,13,439,1,No,No,42546,0
30384,Male,47,Germany,14,49008,2,No,No,133657,0
30385,Male,68,Germany,3,114153,2,Yes,Yes,36685,0
30386,Female,66,Spain,13,171040,2,No,No,88441,0
30387,Male,64,Germany,4,52522,3,Yes,No,147917,0
30388,Female,42,France,2,77463,2,Yes,No,39516,1
30389,Female,36,Spain,3,57993,2,Yes,Yes,130965,0
30390,Male,54,Spain,12,6176,3,No,No,70108,0
30391,Male,20,France,10,204620,1,No,Yes,144733,0
30392,Female,27,Germany,10,90945,2,Yes,No,140943,0
30393,Male,53,Spain,10,126875,1,Yes,Yes,44005,0
30394,Male,58,Germany,11,114494,1,Yes,Yes,31166,0
30395,Male,35,France,12,37447,2,Yes,No,92199,1
30396,Female,54,France,7,249135,2,Yes,Yes,125371,0
30397,Female,46,France,11,172371,1,No,No,114176,0
30398,Female,65,Spain,14,74827,2,Yes,No,32977,0
30399,Female,37,France,9,221340,3,Yes,Yes,108035,1
30400,Male,20,Spain,8,55864,3,Yes,No,141880,0
30401,Female,69,Spain,11,29461,3,Yes,No,40790,0
30402,Female,18,Germany,10,163134,2,Yes,No,36301,1
30403,Male,49,Spain,5,166378,3,No,Yes,79410,0
30404,Male,21,Germany,13,98093,1,Yes,Yes,132051,1
30405,Male,28,Germany,3,148441,3,Yes,Yes,30199,1
30406,Female,71,Germany,4,206684,1,No,Yes,116228,0
30407,Female,53,France,12,59039,3,No,No,91088,0
30408,Male,71,Germany,14,152404,1,Yes,Yes,26124,0
30409,Female,25,Germany,1,164145,3,No,Yes,140146,0
30410,Male,26,Spain,6,234400,1,Yes,No,94832,0
30411,Male,46,Spain,13,156739,2,No,Yes,128448,0
30412,Female,55,Spain,6,60037,3,Yes,No,56800,1
30413,Female,62,Germany,3,145801,2,No,No,145435,0
30414,Male,72,Spain,3,197898,1,No,Yes,136532,0
30415,Female,41,France,8,212529,2,Yes,Yes,119465,0
30416,Male,24,Germany,3,75185,1,Yes,Yes,108416,0
30417,Female,28,Germany,1,181342,3,Yes,No,84074,1
30418,Male,71,Spain,3,7820,3,No,Yes,140114,0
30419,Female,70,Germany,14,61164,1,No,No,40692,0
30420,Male,23,Germany,6,221586,1,Yes,No,43650,0
30421,Female,39,Germany,4,137381,3,No,No,74711,0
30422,Female,47,Germany,13,190748,1,No,Yes,107332,0
30423,Male,34,Spain,2,29691,2,No,Yes,49253,1
30424,Female,30,Spain,8,186520,3,Yes,No,136419,0
30425,Female,44,Germany,9,161723,2,Yes,No,39853,0
30426,Female,54,Germany,2,112689,3,No,No,114996,0
30427,Male,64,France,9,140712,1,Yes,Yes,82771,0
30428,Female,37,Germany,14,5255,1,Yes,No,22010,0
30429,Female,72,Spain,14,194687,1,No,No,93706,0
30430,Male,57,France,13,122630,2,No,Yes,38005,0
30431,Male,66,France,8,149887,1,Yes,No,130633,0
30432,Male,37,Spain,9,153579,3,Yes,No,56066,0
30433,Male,22,Germany,11,129591,2,No,Yes,143315,0
30434,Male,73,France,11,64665,3,Yes,Yes,108599,0
30435,Male,54,Germany,11,156687,2,No,No,44565,1
30436,Male,27,Germany,14,123669,2,No,No,62245,0
30437,Female,65,Spain,13,76956,2,Yes,No,135211,0
30438,Male,31,Spain,14,22220,1,No,No,81064,0
30439,Female,39,Spain,4,131029,3,No,No,137509,0
30440,Male,61,Germany,9,17245,1,Yes,No,136601,0
30441,Female,66,Germany,11,222149,3,Yes,Yes,60411,0
30442,Male,65,Spain,10,165333,2,No,Yes,39132,0
30443,Female,35,Spain,10,128335,3,Yes,No,44647,1
30444,Female,48,Spain,2,175806,3,No,No,31965,0
30445,Female,59,Germany,11,207045,2,No,Yes,139409,0
30446,Female,21,Spain,14,246514,2,Yes,Yes,74241,0
30447,Female,29,Spain,3,161096,1,Yes,Yes,98661,1
30448,Male,60,Spain,1,86879,2,Yes,Yes,91569,0
30449,Female,70,France,1,219829,3,No,Yes,118293,0
30450,Male,42,France,13,86688,1,Yes,Yes,126690,0
30451,Female,45,Germany,4,234126,2,Yes,Yes,139661,0
30452,Female,60,France,14,22173,2,Yes,Yes,24274,0
30453,Male,22,Spain,6,76633,1,No,No,34923,0
30454,Male,55,Spain,11,13954,2,Yes,No,110409,0
30455,Female,22,France,9,40478,3,No,Yes,83237,0
30456,Male,40,Germany,5,105782,1,No,Yes,34329,0
30457,Male,69,Germany,10,227014,3,Yes,No,45070,0
30458,Male,48,France,9,147153,1,Yes,No,101244,0
30459,Female,71,Germany,9,192951,1,Yes,Yes,105381,0
30460,Female,49,Germany,12,164432,1,No,Yes,143703,0
30461,Female,32,France,10,135416,1,Yes,Yes,45550,0
30462,Male,25,Germany,13,17359,3,No,Yes,100510,0
30463,Female,19,Germany,3,56431,2,Yes,No,124067,1
30464,Male,63,France,6,208354,1,Yes,No,89030,0
30465,Female,32,Germany,14,218367,3,Yes,Yes,136512,0
30466,Female,59,Spain,12,163748,1,No,Yes,70984,0
30467,Male,21,Germany,3,65718,1,No,No,149515,0
30468,Male,25,France,9,116469,1,No,No,43661,0
30469,Female,63,Spain,8,164352,2,Yes,No,104297,1
30470,Male,68,Spain,5,248032,2,Yes,No,46789,0
30471,Female,70,Germany,11,171707,1,Yes,Yes,26466,0
30472,Male,72,Germany,4,248525,1,No,No,127296,0
30473,Female,72,France,3,137373,2,No,Yes,77998,1
30474,Female,74,France,14,133855,2,Yes,No,100287,0
30475,Female,55,Germany,1,8801,2,Yes,Yes,127817,0
30476,Male,21,France,8,146670,3,No,Yes,126881,0
30477,Male,19,Germany,1,109223,3,Yes,Yes,23989,0
30478,Female,38,Germany,5,137799,2,Yes,No,73209,0
30479,Male,28,Spain,3,175668,2,Yes,No,32011,0
30480,Female,53,Spain,4,199096,3,No,Yes,140386,0
30481,Female,72,Germany,11,232184,2,No,No,121067,0
30482,Male,37,France,9,167962,1,No,No,35561,0
30483,Female,20,France,10,39111,1,Yes,No,108296,0
30484,Male,37,Spain,10,246445,3,No,No,145716,0
30485,Female,49,France,7,237119,1,No,No,142956,0
30486,Female,23,France,7,38307,2,No,Yes,95253,0
30487,Male,58,Spain,4,106129,3,No,Yes,79055,0
30488,Female,69,France,5,66279,3,Yes,No,135838,0
30489,Male,27,Germany,4,226013,3,No,Yes,102191,0
30490,Female,53,Germany,10,14631,1,Yes,Yes,85049,0
30491,Male,70,France,5,171420,1,No,Yes,115564,0
30492,Male,49,France,1,73195,3,No,No,109389,0
30493,Female,19,Spain,2,110423,3,No,Yes,148510,1
30494,Male,47,France,2,16512,1,Yes,Yes,54603,1
30495,Male,32,Spain,3,191501,1,Yes,No,56463,0
30496,Male,47,France,10,199515,1,No,Yes,141471,0
30497,Female,32,Germany,6,83252,3,No,No,37030,0
30498,Female,50,Germany,3,229396,1,Yes,No,60045,1
30499,Male,26,France,5,20595,1,Yes,Yes,116025,0
30500,Female,68,Spain,11,195853,2,No,No,124542,0
30501,Female,42,France,5,47535,3,Yes,No,52498,0
30502,Male,22,Spain,4,157842,2,Yes,No,30412,0
30503,Male,38,Spain,13,153524,2,Yes,No,149338,0
30504,Male,27,Spain,11,135772,2,Yes,Yes,45790,0
30505,Male,29,Spain,11,57778,2,Yes,No,25513,0
30506,Male,31,Spain,9,58462,1,No,Yes,62682,0
30507,Female,48,Germany,5,65285,2,No,Yes,138746,1
30508,Male,68,Spain,3,219362,3,Yes,No,70094,0
30509,Female,64,Spain,5,14505,2,Yes,No,102984,0
30510,Female,33,Spain,9,191610,1,No,No,108860,0
30511,Male,44,France,3,114472,3,Yes,No,34862,0
30512,Female,45,France,2,70055,3,Yes,Yes,52682,1
30513,Female,73,Spain,9,180987,1,Yes,No,106048,0
30514,Female,24,Germany,10,149279,3,No,Yes,121276,0
30515,Male,32,Spain,4,236450,1,No,Yes,51213,0
30516,Female,25,Germany,13,191137,1,No,No,101246,0
30517,Female,73,Spain,9,10031,3,Yes,Yes,37541,0
30518,Male,30,Germany,13,178133,1,Yes,Yes,125294,0
30519,Male,37,France,1,96131,3,Yes,Yes,140180,1
30520,Female,40,France,13,127031,3,Yes,No,114430,1
30521,Female,62,Germany,10,41769,3,Yes,Yes,134288,0
30522,Male,41,Spain,9,110711,3,Yes,No,118607,1
30523,Male,55,Germany,4,142475,1,Yes,No,95226,0
30524,Female,41,Spain,7,94756,3,Yes,No,102980,0
30525,Female,65,Germany,8,174128,3,No,Yes,33960,0
30526,Female,24,Spain,8,157979,3,No,Yes,42747,1
30527,Male,47,Germany,11,51662,3,Yes,Yes,137592,0
30528,Male,25,France,9,105915,3,No,Yes,45994,0
30529,Male,45,Germany,8,201258,2,No,No,32446,0
30530,Female,55,France,8,76978,3,Yes,Yes,43568,0
30531,Female,30,Spain,11,37398,1,No,Yes,110596,0
30532,Male,62,France,13,167196,2,No,Yes,100903,0
30533,Female,54,Spain,14,70149,1,No,No,145863,0
30534,Male,60,Germany,4,151578,1,No,No,65467,0
30535,Female,59,Germany,14,151126,2,No,Yes,74463,0
30536,Female,43,Germany,6,179063,1,Yes,No,135038,0
30537,Female,46,Spain,3,108931,2,Yes,No,125650,0
30538,Male,49,France,9,198498,2,No,Yes,98404,0
30539,Female,33,Germany,12,93500,3,No,No,121174,0
30540,Male,62,Spain,13,117133,1,Yes,Yes,82065,0
30541,Male,19,Spain,8,211863,1,No,Yes,54708,1
30542,Male,43,Germany,12,37845,1,No,No,124311,0
30543,Female,61,Spain,4,167946,2,No,Yes,119829,0
30544,Male,49,France,13,72929,2,Yes,No,54456,0
30545,Male,32,Spain,9,47916,3,No,No,82609,1
30546,Male,23,France,13,174937,1,No,Yes,80142,1
30547,Male,32,France,4,62766,2,Yes,No,70809,0
30548,Male,64,Germany,12,179181,2,No,Yes,114197,0
30549,Male,69,France,13,125457,1,No,No,148853,0
30550,Female,54,Germany,6,59843,2,Yes,No,105920,1
30551,Female,49,Germany,9,20346,1,Yes,Yes,31212,1
30552,Male,44,France,5,36557,2,No,No,81744,1
30553,Male,37,Spain,2,180705,2,Yes,Yes,77626,0
30554,Male,28,Spain,12,103023,1,Yes,No,108464,0
30555,Female,50,Germany,10,236685,1,Yes,No,112913,1
30556,Male,70,Spain,7,142550,1,No,Yes,75465,0
30557,Female,48,Germany,5,233319,2,No,No,110612,0
30558,Female,36,France,7,190398,2,No,No,43823,0
30559,Female,66,France,2,85131,2,No,No,62317,0
30560,Male,55,Spain,7,55276,1,Yes,Yes,59964,0
30561,Female,43,Spain,8,25259,3,No,No,128441,1
30562,Male,47,Germany,13,52233,3,Yes,No,87116,0
30563,Female,24,Spain,6,197648,2,Yes,No,88109,0
30564,Female,38,Spain,3,191155,2,Yes,No,28129,0
30565,Male,52,Germany,9,230887,2,No,Yes,26824,0
30566,Male,41,Spain,11,248853,2,Yes,Yes,81011,0
30567,Male,65,France,1,15841,1,Yes,No,129820,0
30568,Female,48,France,1,197534,3,Yes,No,101491,0
30569,Male,65,Germany,4,162171,2,Yes,No,118529,0
30570,Male,74,Germany,12,25569,3,No,No,60169,1
30571,Female,59,France,14,62246,1,No,Yes,71552,0
30572,Male,41,Germany,10,10732,3,Yes,No,140209,0
30573,Male,59,Germany,11,107771,3,No,Yes,140455,0
30574,Male,50,France,4,72645,3,No,No,101176,0
30575,Male,65,Spain,2,190687,3,No,No,79283,0
30576,Female,30,Germany,2,216251,3,No,No,142113,1
30577,Male,33,France,9,181468,3,Yes,Yes,103632,1
30578,Male,49,Germany,12,167480,1,Yes,No,143314,1
30579,Female,70,Spain,8,3460,3,No,Yes,63942,0
30580,Female,74,Spain,5,248636,2,Yes,No,115027,0
30581,Female,57,France,5,218758,2,No,Yes,88080,0
30582,Male,68,Germany,7,90418,3,Yes,No,43517,0
30583,Male,44,France,4,136940,3,No,No,129387,0
30584,Male,25,France,10,5147,2,No,No,118852,0
30585,Female,34,Germany,1,202841,3,No,No,96779,0
30586,Female,41,France,12,49137,1,No,No,60458,0
30587,Female,38,Spain,10,27766,1,No,No,42066,0
30588,Female,27,Germany,1,174715,2,No,No,108806,0
30589,Male,36,Spain,14,135529,2,Yes,No,139662,0
30590,Female,42,Spain,11,88640,3,No,Yes,58544,0
30591,Male,62,Spain,7,219947,1,Yes,No,71501,0
30592,Female,58,France,3,55766,3,Yes,No,105594,0
30593,Female,45,Spain,12,232062,3,Yes,No,92189,0
30594,Male,44,Spain,5,6885,2,Yes,No,115274,0
30595,Male,42,France,12,50818,2,No,No,139735,1
30596,Male,51,Germany,3,188654,1,No,No,102958,0
30597,Male,26,France,11,188032,2,Yes,No,135674,0
30598,Female,29,Spain,4,215194,1,No,Yes,111270,0
30599,Female,44,France,3,154323,1,No,No,127361,0
30600,Male,67,Germany,14,135425,3,Yes,Yes,36810,0
30601,Female,22,Germany,2,126877,1,Yes,No,56128,1
30602,Male,53,France,10,240434,3,No,No,99659,1
30603,Female,71,Germany,12,131445,2,No,Yes,45222,0
30604,Female,39,Germany,2,116641,3,Yes,No,76098,1
30605,Female,62,Germany,14,168715,3,Yes,Yes,38188,0
30606,Male,31,Spain,13,184105,1,Yes,No,136191,0
30607,Female,45,Germany,11,190283,3,Yes,Yes,39532,0
30608,Male,30,France,3,158020,1,Yes,No,85309,1
30609,Female,52,Germany,1,114119,1,No,Yes,39364,0
30610,Male,65,France,10,2126,2,No,Yes,42449,0
30611,Female,60,Spain,11,76815,2,No,Yes,54708,0
30612,Male,45,Germany,8,32173,1,Yes,Yes,98815,1
30613,Male,24,Spain,8,96324,1,No,No,119500,0
30614,Male,72,France,4,183514,1,Yes,Yes,82159,0
30615,Female,59,France,13,40251,1,Yes,No,131216,0
30616,Male,64,Germany,10,196509,1,Yes,No,31897,0
30617,Female,38,Spain,2,129313,1,Yes,Yes,129740,0
30618,Female,38,France,4,131665,2,Yes,No,36095,0
30619,Female,66,Spain,4,74445,3,Yes,Yes,51711,1
30620,Male,32,Spain,5,41828,1,No,Yes,36973,0
30621,Female,74,Germany,10,7303,1,No,Yes,24175,0
30622,Male,62,France,7,112864,2,Yes,Yes,62344,0
30623,Female,62,Germany,11,129313,3,Yes,Yes,48902,0
30624,Male,27,Spain,14,80812,2,Yes,No,125244,0
30625,Female,60,Germany,4,183937,2,Yes,Yes,53262,0
30626,Male,52,France,4,130692,3,Yes,No,41289,0
30627,Female,26,Spain,4,102392,3,Yes,No,120712,1
30628,Female,61,Germany,5,7182,2,No,No,113426,0
30629,Female,31,Germany,7,149933,2,Yes,Yes,146746,0
30630,Male,39,France,1,39647,2,Yes,Yes,67837,0
30631,Male,26,France,9,6441,1,Yes,No,125133,0
30632,Female,31,Germany,9,88639,2,Yes,No,70416,0
30633,Female,66,France,9,129459,2,No,Yes,66668,0
30634,Male,43,Spain,8,192883,2,Yes,Yes,129525,0
30635,Male,41,Germany,8,140203,2,No,Yes,133794,0
30636,Male,25,France,3,239207,2,No,No,145507,0
30637,Male,54,Germany,13,182764,3,Yes,No,45435,0
30638,Male,50,Spain,12,56559,2,Yes,Yes,93947,0
30639,Male,69,Spain,6,196390,2,Yes,No,47765,0
30640,Male,25,Germany,3,10292,1,Yes,Yes,100054,0
30641,Male,70,France,11,3401,2,No,No,30748,1
30642,Female,70,Spain,14,191873,1,No,Yes,65193,0
30643,Female,35,France,9,221452,2,Yes,No,69481,0
30644,Male,54,France,14,208177,1,No,No,105957,0
30645,Male,30,Spain,10,191952,3,No,Yes,120441,0
30646,Male,48,France,12,96448,3,No,Yes,117771,0
30647,Male,70,Germany,6,84694,2,No,No,99117,0
30648,Male,30,Germany,5,202002,1,No,No,30419,0
30649,Male,20,France,4,19365,2,Yes,Yes,124331,0
30650,Male,34,Spain,11,123261,2,Yes,No,86292,0
30651,Male,44,Germany,13,62384,2,Yes,No,124835,0
30652,Male,67,France,4,196713,1,No,Yes,140537,0
30653,Female,56,France,10,134526,2,Yes,No,87863,0
30654,Female,23,Spain,9,85292,1,Yes,Yes,116462,0
30655,Male,30,Germany,10,15673,2,Yes,No,129442,0
30656,Male,50,Spain,8,230719,3,No,Yes,66046,0
30657,Male,20,Germany,3,235265,2,Yes,Yes,88994,0
30658,Female,47,France,10,1700,2,Yes,No,85841,1
30659,Female,18,Spain,9,178380,1,No,No,51001,0
30660,Female,62,France,12,131280,1,No,Yes,126479,0
30661,Female,33,Germany,14,37992,3,No,Yes,100291,0
30662,Female,59,Germany,1,200631,2,Yes,No,25667,0
30663,Male,22,Spain,13,57450,3,No,Yes,128825,0
30664,Male,69,France,10,24687,1,No,Yes,111560,0
30665,Female,74,Spain,6,20436,2,Yes,No,69063,0
30666,Female,73,France,10,57319,1,Yes,Yes,20220,0
30667,Female,56,Germany,11,107664,3,Yes,No,147997,1
30668,Female,74,France,3,9165,2,Yes,No,139189,0
30669,Male,63,Germany,10,177076,3,No,No,59416,0
30670,Female,65,Spain,6,111600,2,Yes,Yes,52162,0
30671,Male,42,France,5,133223,2,No,No,72519,0
30672,Female,57,France,8,1247,3,Yes,Yes,39912,0
30673,Female,30,France,6,173852,2,Yes,No,67015,0
30674,Female,61,France,7,149416,3,Yes,No,105739,1
30675,Female,43,Spain,2,36761,2,Yes,Yes,120665,1
30676,Female,62,France,4,141412,1,No,Yes,68401,0
30677,Female,73,Spain,7,78660,3,No,Yes,51668,1
30678,Male,33,France,5,94318,1,Yes,Yes,54354,0
30679,Male,59,Germany,14,183227,1,No,Yes,147697,0
30680,Male,57,Spain,2,197838,1,Yes,Yes,85868,1
30681,Male,53,Spain,3,74012,3,No,No,36153,0
30682,Male,45,France,9,4735,1,No,No,117121,0
30683,Female,26,Spain,3,174066,1,Yes,Yes,97567,0
30684,Male,20,Germany,11,163991,1,Yes,No,126839,0
30685,Male,63,France,5,126273,1,No,Yes,39082,0
30686,Male,23,Spain,13,179887,1,Yes,No,86340,0
30687,Male,42,Germany,8,106636,2,Yes,No,42715,0
30688,Male,57,Germany,7,226316,1,No,Yes,53576,0
30689,Male,38,France,8,164089,2,Yes,Yes,95429,0
30690,Male,59,France,7,107335,3,Yes,No,34247,0
30691,Female,71,Spain,14,123639,3,No,Yes,75622,0
30692,Male,49,Spain,10,179690,3,No,No,26829,0
30693,Male,45,France,10,242628,1,Yes,Yes,143466,1
30694,Male,34,France,4,207475,2,Yes,Yes,84476,0
30695,Female,56,France,7,96763,1,No,No,110663,0
30696,Male,45,Germany,12,174888,2,Yes,Yes,65435,0
30697,Female,46,Germany,2,31798,3,Yes,Yes,40445,0
30698,Male,37,France,7,208775,1,Yes,Yes,140936,1
30699,Male,58,Germany,13,221001,3,Yes,Yes,69087,0
30700,Male,70,Germany,9,75377,1,No,No,118034,0
