CustomerID,Gender,AgeGroup,Region,SubscriptionType,MonthlyUsage,SupportCalls,Churn
CUST0001,Male,Young,North,Basic,40.7,2,Yes
CUST0002,Female,Senior,West,Standard,16.5,2,No
CUST0003,Male,Middle,East,Basic,46.9,6,Yes
CUST0004,Male,Senior,North,Standard,38.0,5,No
CUST0005,Male,Young,East,Basic,70.9,8,Yes
CUST0006,Female,Senior,North,Standard,64.5,5,No
CUST0007,Male,Young,South,Basic,42.8,4,No
CUST0008,Male,Young,East,Premium,29.6,9,No
CUST0009,Male,Senior,East,Basic,98.9,6,No
CUST0010,Female,Young,West,Standard,50.9,0,No
CUST0011,Male,Young,East,Premium,71.9,6,No
CUST0012,Male,Senior,East,Standard,22.6,2,No
CUST0013,Male,Senior,South,Standard,53.7,8,No
CUST0014,Male,Middle,East,Standard,12.5,5,No
CUST0015,Female,Middle,South,Standard,55.5,8,No
CUST0016,Male,Middle,South,Standard,96.8,4,No
CUST0017,Female,Young,South,Premium,44.6,6,No
CUST0018,Female,Young,South,Standard,13.5,3,No
CUST0019,Female,Middle,North,Standard,12.8,6,No
CUST0020,Male,Middle,West,Standard,44.9,0,No
CUST0021,Female,Middle,North,Standard,24.4,6,No
CUST0022,Male,Middle,East,Basic,12.1,7,No
CUST0023,Female,Young,North,Standard,78.1,4,No
CUST0024,Female,Middle,North,Premium,51.3,1,No
CUST0025,Female,Young,East,Basic,36.0,4,No
CUST0026,Female,Middle,East,Standard,91.0,5,No
CUST0027,Female,Middle,East,Basic,20.5,1,No
CUST0028,Female,Senior,North,Standard,96.0,5,No
CUST0029,Female,Young,North,Basic,38.3,5,No
CUST0030,Female,Young,East,Standard,90.0,0,No
CUST0031,Male,Young,West,Standard,64.3,0,No
CUST0032,Male,Middle,West,Standard,84.4,9,No
CUST0033,Female,Middle,South,Standard,98.6,2,No
CUST0034,Female,Young,East,Standard,36.0,9,No
CUST0035,Female,Young,South,Premium,96.5,9,No
CUST0036,Male,Middle,West,Basic,45.1,2,No
CUST0037,Female,Young,South,Standard,44.7,3,No
CUST0038,Male,Senior,East,Basic,40.6,1,No
CUST0039,Male,Middle,East,Premium,58.7,8,Yes
CUST0040,Male,Young,East,Premium,23.9,9,No
CUST0041,Male,Young,North,Standard,59.8,6,Yes
CUST0042,Male,Senior,South,Premium,58.8,6,No
CUST0043,Female,Young,West,Standard,78.6,5,No
CUST0044,Female,Young,West,Standard,85.0,2,No
CUST0045,Female,Senior,West,Basic,49.6,5,No
CUST0046,Female,Senior,North,Standard,37.2,7,No
CUST0047,Female,Senior,North,Basic,33.3,7,No
CUST0048,Male,Middle,East,Premium,27.5,8,No
CUST0049,Female,Young,West,Standard,15.2,0,No
CUST0050,Female,Young,North,Standard,40.8,0,No
CUST0051,Male,Middle,East,Basic,34.3,2,No
CUST0052,Female,Middle,West,Standard,97.0,2,No
CUST0053,Male,Middle,South,Basic,60.2,9,No
CUST0054,Female,Senior,East,Standard,41.3,7,Yes
CUST0055,Male,Young,North,Basic,62.2,9,No
CUST0056,Female,Middle,North,Premium,22.5,0,No
CUST0057,Female,Young,East,Standard,50.0,1,No
CUST0058,Male,Middle,East,Standard,66.4,1,No
CUST0059,Male,Young,North,Standard,54.0,2,No
CUST0060,Male,Young,South,Standard,46.2,5,No
CUST0061,Male,Young,West,Standard,99.4,0,No
CUST0062,Male,Middle,South,Standard,89.2,1,No
CUST0063,Male,Middle,East,Premium,66.1,0,No
CUST0064,Male,Middle,South,Standard,61.2,4,No
CUST0065,Male,Senior,North,Premium,65.9,6,No
CUST0066,Female,Young,East,Premium,28.1,7,No
CUST0067,Female,Young,West,Basic,45.6,9,No
CUST0068,Male,Senior,North,Premium,13.6,0,No
CUST0069,Female,Young,North,Basic,52.8,6,No
CUST0070,Female,Senior,West,Premium,58.9,4,No
CUST0071,Female,Young,West,Standard,30.5,9,Yes
CUST0072,Female,Senior,South,Premium,96.8,0,No
CUST0073,Male,Young,East,Premium,91.9,2,No
CUST0074,Female,Senior,West,Premium,75.0,6,Yes
CUST0075,Male,Middle,West,Standard,58.0,9,No
CUST0076,Female,Senior,East,Standard,88.3,0,No
CUST0077,Female,Young,West,Basic,21.8,6,No
CUST0078,Female,Middle,West,Standard,81.1,4,No
CUST0079,Male,Senior,South,Basic,21.2,0,Yes
CUST0080,Female,Middle,North,Standard,81.5,0,No
CUST0081,Male,Middle,North,Standard,34.8,0,No
CUST0082,Female,Middle,North,Premium,88.9,8,No
CUST0083,Male,Middle,North,Standard,95.0,2,No
CUST0084,Female,Middle,West,Premium,23.4,4,No
CUST0085,Male,Middle,East,Basic,51.6,9,No
CUST0086,Male,Senior,East,Premium,98.3,8,No
CUST0087,Female,Young,South,Premium,53.5,5,Yes
CUST0088,Male,Young,South,Standard,87.7,8,Yes
CUST0089,Female,Senior,West,Standard,63.0,7,No
CUST0090,Female,Senior,East,Standard,43.8,7,No
CUST0091,Female,Middle,East,Basic,35.7,0,Yes
CUST0092,Female,Middle,North,Standard,28.3,8,No
CUST0093,Female,Young,West,Standard,78.6,5,Yes
CUST0094,Female,Young,West,Basic,44.8,8,No
CUST0095,Female,Middle,North,Standard,56.0,2,No
CUST0096,Female,Young,West,Basic,54.3,2,Yes
CUST0097,Female,Middle,West,Basic,62.0,5,No
CUST0098,Female,Young,South,Basic,87.9,8,No
CUST0099,Female,Senior,East,Premium,98.3,6,No
CUST0100,Male,Senior,West,Standard,46.7,2,No
CUST0101,Male,Middle,South,Premium,84.5,2,No
CUST0102,Female,Middle,East,Standard,78.8,1,No
CUST0103,Female,Young,North,Standard,61.6,8,No
CUST0104,Female,Senior,South,Standard,96.0,2,No
CUST0105,Female,Middle,South,Standard,28.0,4,No
CUST0106,Female,Young,East,Basic,19.8,8,No
CUST0107,Female,Senior,North,Standard,86.9,7,Yes
CUST0108,Female,Senior,South,Basic,49.5,1,No
CUST0109,Female,Senior,West,Standard,86.2,2,No
CUST0110,Male,Middle,West,Standard,90.4,1,No
CUST0111,Female,Middle,West,Basic,15.6,7,No
CUST0112,Male,Middle,North,Basic,89.5,5,No
CUST0113,Female,Senior,South,Standard,50.3,5,No
CUST0114,Female,Senior,West,Standard,55.9,8,No
CUST0115,Male,Young,North,Basic,66.4,7,Yes
CUST0116,Female,Young,West,Premium,93.4,3,No
CUST0117,Male,Young,East,Basic,11.7,3,No
CUST0118,Female,Senior,South,Standard,52.9,8,No
CUST0119,Female,Senior,South,Premium,71.9,0,Yes
CUST0120,Male,Young,North,Basic,75.0,1,No
CUST0121,Female,Middle,North,Basic,72.3,1,No
CUST0122,Male,Young,South,Basic,22.1,5,Yes
CUST0123,Female,Senior,West,Standard,36.9,3,No
CUST0124,Male,Senior,West,Basic,42.3,9,No
CUST0125,Male,Senior,East,Standard,82.4,2,No
CUST0126,Female,Middle,West,Basic,35.1,2,No
CUST0127,Female,Middle,North,Standard,29.0,2,No
CUST0128,Male,Young,North,Premium,96.2,5,No
CUST0129,Female,Young,West,Premium,10.8,7,No
CUST0130,Female,Senior,North,Standard,99.8,6,No
CUST0131,Female,Senior,South,Standard,70.9,3,No
CUST0132,Male,Senior,South,Standard,84.6,3,Yes
CUST0133,Male,Senior,West,Standard,36.5,9,Yes
CUST0134,Male,Middle,South,Standard,11.3,1,No
CUST0135,Male,Middle,South,Basic,76.4,0,No
CUST0136,Male,Senior,East,Premium,85.1,8,No
CUST0137,Male,Senior,East,Standard,76.6,1,No
CUST0138,Male,Young,South,Basic,22.9,7,Yes
CUST0139,Male,Middle,West,Standard,77.8,8,Yes
CUST0140,Male,Young,East,Standard,79.2,3,No
CUST0141,Female,Senior,North,Premium,69.3,7,No
CUST0142,Male,Middle,North,Standard,79.0,8,No
CUST0143,Female,Young,North,Standard,86.1,9,No
CUST0144,Female,Middle,West,Basic,65.2,9,No
CUST0145,Female,Middle,South,Standard,18.0,4,No
CUST0146,Male,Young,North,Standard,53.9,6,No
CUST0147,Male,Young,West,Basic,17.0,9,No
CUST0148,Male,Middle,East,Basic,46.7,3,No
CUST0149,Male,Middle,South,Standard,46.6,0,No
CUST0150,Female,Middle,East,Basic,15.9,2,No
CUST0151,Male,Middle,West,Standard,41.4,4,No
CUST0152,Male,Senior,North,Basic,20.0,2,No
CUST0153,Male,Middle,North,Basic,82.7,6,No
CUST0154,Male,Middle,West,Basic,95.3,8,No
CUST0155,Male,Senior,North,Premium,16.5,5,No
CUST0156,Female,Middle,South,Premium,96.0,9,No
CUST0157,Male,Young,West,Premium,57.0,0,No
CUST0158,Female,Young,East,Standard,37.0,6,No
CUST0159,Male,Middle,West,Basic,16.9,2,No
CUST0160,Female,Middle,South,Standard,55.1,4,No
CUST0161,Male,Middle,South,Standard,81.5,9,Yes
CUST0162,Male,Young,West,Premium,73.6,3,No
CUST0163,Female,Young,West,Basic,14.5,9,No
CUST0164,Female,Young,North,Standard,16.6,4,No
CUST0165,Female,Young,South,Basic,46.3,4,No
CUST0166,Male,Middle,West,Standard,36.6,5,No
CUST0167,Female,Young,West,Standard,30.9,9,No
CUST0168,Male,Middle,South,Standard,35.3,9,No
CUST0169,Male,Senior,West,Standard,82.3,5,No
CUST0170,Female,Young,North,Standard,93.6,7,No
CUST0171,Female,Middle,South,Standard,46.5,7,No
CUST0172,Male,Middle,North,Standard,91.5,8,No
CUST0173,Male,Young,North,Premium,38.9,7,No
CUST0174,Female,Middle,North,Premium,52.9,1,No
CUST0175,Female,Senior,North,Standard,30.3,9,No
CUST0176,Female,Senior,South,Standard,67.6,0,No
CUST0177,Male,Young,North,Standard,98.1,9,No
CUST0178,Male,Senior,North,Standard,64.3,1,No
CUST0179,Male,Middle,West,Basic,42.2,1,No
CUST0180,Male,Young,South,Premium,68.3,2,No
CUST0181,Male,Middle,South,Basic,21.1,9,No
CUST0182,Male,Senior,East,Premium,90.0,6,No
CUST0183,Female,Middle,South,Standard,55.3,1,No
CUST0184,Male,Young,South,Standard,50.4,0,Yes
CUST0185,Male,Middle,East,Standard,62.7,5,No
CUST0186,Male,Young,South,Premium,66.2,8,Yes
CUST0187,Female,Young,South,Standard,16.5,2,No
CUST0188,Male,Young,South,Standard,71.4,5,No
CUST0189,Male,Young,South,Basic,31.8,2,No
CUST0190,Female,Young,East,Standard,74.3,0,No
CUST0191,Male,Young,South,Basic,84.0,4,No
CUST0192,Male,Middle,South,Standard,82.4,9,No
CUST0193,Male,Young,East,Standard,59.7,3,No
CUST0194,Male,Young,West,Standard,56.8,6,Yes
CUST0195,Male,Senior,North,Basic,22.9,5,Yes
CUST0196,Female,Middle,West,Basic,79.8,9,No
CUST0197,Female,Middle,East,Standard,34.4,6,No
CUST0198,Female,Young,North,Basic,54.7,4,No
CUST0199,Male,Young,East,Basic,35.6,3,No
CUST0200,Male,Young,East,Basic,22.0,6,No
CUST0201,Male,Young,South,Premium,66.7,6,No
CUST0202,Female,Young,North,Standard,14.9,5,No
CUST0203,Male,Young,South,Standard,77.4,7,No
CUST0204,Male,Young,North,Basic,38.6,3,No
CUST0205,Female,Young,East,Standard,10.0,9,No
CUST0206,Male,Middle,East,Standard,56.0,4,No
CUST0207,Female,Young,West,Standard,14.2,3,No
CUST0208,Female,Young,North,Basic,34.9,0,No
CUST0209,Female,Middle,South,Basic,73.6,7,No
CUST0210,Male,Middle,West,Basic,15.6,0,No
CUST0211,Male,Young,West,Standard,85.5,4,No
CUST0212,Male,Middle,West,Standard,10.3,5,No
CUST0213,Male,Middle,South,Basic,32.2,5,No
CUST0214,Male,Young,West,Basic,76.7,4,Yes
CUST0215,Male,Senior,South,Basic,38.5,2,Yes
CUST0216,Male,Senior,West,Premium,19.2,4,No
CUST0217,Female,Young,South,Basic,42.4,7,No
CUST0218,Male,Young,East,Standard,34.3,1,Yes
CUST0219,Female,Senior,East,Standard,85.8,5,No
CUST0220,Male,Middle,East,Standard,38.2,8,No
CUST0221,Male,Young,East,Basic,81.0,7,No
CUST0222,Male,Young,East,Basic,90.3,7,No
CUST0223,Female,Young,West,Standard,49.0,7,No
CUST0224,Female,Middle,West,Standard,91.9,6,No
CUST0225,Female,Middle,West,Standard,44.0,7,Yes
CUST0226,Female,Young,South,Standard,96.8,5,No
CUST0227,Male,Middle,South,Basic,18.0,1,No
CUST0228,Female,Middle,South,Premium,71.8,1,Yes
CUST0229,Male,Young,South,Standard,54.4,7,No
CUST0230,Male,Young,East,Basic,44.9,0,No
CUST0231,Female,Middle,East,Premium,66.9,5,No
CUST0232,Female,Senior,East,Standard,73.3,5,No
CUST0233,Female,Middle,North,Standard,10.4,3,No
CUST0234,Female,Middle,West,Standard,25.0,9,No
CUST0235,Female,Young,South,Premium,74.2,2,No
CUST0236,Female,Middle,South,Standard,70.0,2,Yes
CUST0237,Female,Middle,East,Basic,96.9,0,No
CUST0238,Female,Young,South,Standard,78.5,2,No
CUST0239,Male,Young,South,Premium,95.6,3,No
CUST0240,Female,Young,West,Basic,73.2,4,No
CUST0241,Female,Young,East,Standard,36.8,2,Yes
CUST0242,Male,Young,West,Standard,19.5,5,Yes
CUST0243,Female,Young,North,Standard,80.4,4,No
CUST0244,Male,Young,North,Standard,68.0,2,No
CUST0245,Male,Young,North,Premium,14.3,5,No
CUST0246,Female,Senior,East,Basic,42.4,5,No
CUST0247,Male,Middle,South,Basic,96.1,7,Yes
CUST0248,Male,Middle,East,Basic,55.0,1,No
CUST0249,Male,Middle,East,Premium,48.9,0,No
CUST0250,Male,Middle,South,Standard,51.2,3,No
CUST0251,Female,Young,West,Basic,28.8,6,No
CUST0252,Male,Middle,North,Premium,43.2,9,No
CUST0253,Female,Middle,West,Premium,43.3,2,No
CUST0254,Male,Middle,North,Premium,14.7,2,No
CUST0255,Male,Middle,East,Premium,79.1,4,No
CUST0256,Male,Young,North,Basic,47.5,4,No
CUST0257,Male,Young,East,Standard,84.0,9,No
CUST0258,Female,Young,West,Standard,86.5,2,Yes
CUST0259,Female,Middle,East,Premium,29.1,8,No
CUST0260,Male,Middle,West,Standard,69.2,3,No
CUST0261,Male,Young,South,Standard,52.5,2,No
CUST0262,Female,Senior,South,Standard,89.2,1,No
CUST0263,Male,Middle,South,Basic,29.4,9,No
CUST0264,Male,Young,East,Standard,71.0,8,Yes
CUST0265,Male,Young,South,Premium,64.7,3,No
CUST0266,Female,Young,North,Premium,36.6,2,No
CUST0267,Female,Young,West,Basic,22.3,6,No
CUST0268,Female,Young,West,Basic,68.6,7,No
CUST0269,Male,Young,North,Basic,76.5,1,No
CUST0270,Male,Young,East,Standard,38.4,6,No
CUST0271,Female,Young,East,Premium,68.0,4,No
CUST0272,Female,Senior,West,Basic,45.6,4,No
CUST0273,Female,Young,South,Standard,74.2,2,No
CUST0274,Female,Middle,East,Premium,27.9,4,No
CUST0275,Male,Middle,East,Standard,90.1,1,No
CUST0276,Female,Senior,North,Standard,35.9,3,No
CUST0277,Male,Young,North,Standard,43.1,5,No
CUST0278,Female,Young,South,Standard,15.2,0,No
CUST0279,Male,Senior,East,Basic,20.0,9,Yes
CUST0280,Female,Senior,East,Standard,56.4,3,Yes
CUST0281,Female,Senior,North,Standard,34.1,5,No
CUST0282,Female,Young,East,Premium,85.2,8,No
CUST0283,Female,Young,West,Standard,11.3,1,No
CUST0284,Male,Middle,North,Standard,44.1,6,Yes
CUST0285,Female,Senior,South,Basic,40.4,5,No
CUST0286,Male,Middle,North,Standard,11.7,1,No
CUST0287,Male,Middle,East,Basic,21.2,7,No
CUST0288,Male,Young,South,Basic,47.2,6,No
CUST0289,Male,Middle,North,Standard,54.4,4,No
CUST0290,Female,Young,West,Premium,46.4,4,No
CUST0291,Male,Young,West,Basic,57.8,6,No
CUST0292,Male,Middle,North,Standard,63.6,8,No
CUST0293,Male,Middle,West,Premium,10.9,8,No
CUST0294,Female,Young,West,Basic,51.8,8,No
CUST0295,Female,Young,West,Standard,96.7,5,No
CUST0296,Female,Middle,South,Standard,56.7,9,No
CUST0297,Female,Young,West,Standard,71.0,5,No
CUST0298,Male,Middle,West,Basic,38.1,2,Yes
CUST0299,Male,Young,West,Standard,79.7,0,No
CUST0300,Female,Middle,South,Standard,79.6,6,No
CUST0301,Male,Middle,North,Standard,56.9,3,No
CUST0302,Male,Young,East,Basic,97.8,0,No
CUST0303,Male,Young,West,Standard,21.3,7,No
CUST0304,Female,Young,North,Basic,11.5,5,No
CUST0305,Female,Young,West,Standard,79.3,5,No
CUST0306,Male,Senior,South,Basic,82.6,1,No
CUST0307,Female,Young,North,Premium,20.8,0,No
CUST0308,Female,Senior,South,Standard,33.9,1,No
CUST0309,Female,Young,West,Standard,11.6,3,No
CUST0310,Female,Middle,West,Basic,36.4,1,No
CUST0311,Female,Middle,South,Standard,79.6,0,No
CUST0312,Male,Middle,East,Premium,56.6,6,No
CUST0313,Female,Middle,South,Premium,41.3,7,No
CUST0314,Male,Middle,West,Standard,43.5,5,No
CUST0315,Male,Young,South,Standard,10.1,3,No
CUST0316,Female,Senior,East,Standard,37.0,5,No
CUST0317,Male,Senior,South,Premium,68.2,2,No
CUST0318,Male,Senior,East,Standard,97.7,7,No
CUST0319,Male,Young,East,Standard,86.2,9,No
CUST0320,Female,Middle,South,Standard,12.1,1,No
CUST0321,Female,Senior,South,Standard,90.9,4,No
CUST0322,Male,Young,North,Basic,80.5,0,No
CUST0323,Female,Young,West,Standard,80.2,5,No
CUST0324,Female,Middle,East,Standard,51.2,1,No
CUST0325,Female,Middle,North,Standard,45.8,3,Yes
CUST0326,Female,Senior,South,Basic,37.3,5,No
CUST0327,Male,Young,West,Standard,15.9,9,No
CUST0328,Male,Middle,North,Standard,30.5,7,No
CUST0329,Female,Young,East,Standard,32.2,7,No
CUST0330,Female,Young,North,Basic,53.6,5,No
CUST0331,Male,Young,East,Standard,77.3,3,No
CUST0332,Male,Senior,South,Standard,52.6,7,No
CUST0333,Female,Middle,West,Standard,15.2,7,No
CUST0334,Male,Middle,West,Standard,96.2,9,No
CUST0335,Female,Young,West,Standard,94.8,0,No
CUST0336,Female,Senior,South,Premium,80.7,3,No
CUST0337,Male,Young,East,Basic,99.2,3,Yes
CUST0338,Male,Senior,South,Premium,59.0,6,Yes
CUST0339,Female,Middle,West,Standard,96.6,6,No
CUST0340,Female,Young,South,Basic,16.8,7,No
CUST0341,Male,Middle,South,Basic,42.9,4,No
CUST0342,Female,Young,South,Standard,30.3,6,No
CUST0343,Male,Middle,East,Standard,27.6,7,No
CUST0344,Female,Middle,North,Standard,22.7,8,No
CUST0345,Male,Young,North,Standard,66.0,2,Yes
CUST0346,Male,Senior,South,Standard,80.3,2,No
CUST0347,Male,Young,North,Standard,62.0,3,No
CUST0348,Female,Middle,North,Basic,23.2,4,No
CUST0349,Female,Senior,South,Standard,83.0,9,No
CUST0350,Male,Middle,South,Standard,67.2,0,No
CUST0351,Female,Young,West,Basic,44.9,6,No
CUST0352,Male,Senior,North,Basic,70.7,8,No
CUST0353,Male,Middle,East,Standard,33.4,7,No
CUST0354,Female,Young,South,Standard,41.1,4,No
CUST0355,Female,Young,West,Premium,92.6,3,No
CUST0356,Male,Middle,East,Premium,36.1,6,No
CUST0357,Female,Middle,North,Standard,52.3,4,No
CUST0358,Female,Middle,West,Standard,90.1,6,No
CUST0359,Male,Senior,South,Standard,73.7,0,No
CUST0360,Male,Middle,East,Standard,15.6,0,No
CUST0361,Female,Young,South,Basic,23.3,9,No
CUST0362,Male,Young,North,Standard,10.7,2,No
CUST0363,Male,Young,East,Premium,66.8,1,Yes
CUST0364,Female,Middle,North,Standard,50.3,1,No
CUST0365,Male,Young,North,Standard,22.1,6,Yes
CUST0366,Male,Middle,West,Standard,96.2,9,No
CUST0367,Female,Middle,South,Basic,57.7,1,No
CUST0368,Female,Senior,East,Standard,31.8,3,No
CUST0369,Male,Young,North,Standard,55.1,1,No
CUST0370,Male,Senior,North,Basic,71.2,5,No
CUST0371,Female,Young,East,Basic,16.9,7,No
CUST0372,Female,Senior,North,Premium,34.7,9,No
CUST0373,Female,Young,West,Basic,82.6,3,No
CUST0374,Female,Young,West,Standard,51.4,4,No
CUST0375,Male,Middle,West,Basic,59.2,3,No
CUST0376,Female,Young,West,Premium,49.0,2,No
CUST0377,Female,Young,North,Basic,14.0,4,No
CUST0378,Male,Middle,East,Standard,24.9,8,No
CUST0379,Female,Middle,East,Premium,50.1,7,No
CUST0380,Male,Middle,East,Premium,28.8,7,Yes
CUST0381,Female,Middle,East,Basic,14.5,7,No
CUST0382,Female,Middle,South,Premium,85.9,7,No
CUST0383,Female,Young,East,Standard,98.3,6,No
CUST0384,Male,Young,South,Standard,81.4,7,No
CUST0385,Male,Young,South,Basic,86.8,7,No
CUST0386,Female,Senior,West,Basic,31.8,7,No
CUST0387,Male,Middle,South,Standard,96.5,9,No
CUST0388,Male,Middle,North,Standard,27.7,6,No
CUST0389,Male,Middle,South,Standard,95.6,0,No
CUST0390,Male,Senior,West,Standard,99.5,3,No
CUST0391,Male,Young,South,Standard,74.1,3,No
CUST0392,Male,Middle,North,Basic,98.3,4,No
CUST0393,Female,Middle,North,Standard,61.3,9,No
CUST0394,Female,Middle,North,Basic,33.4,5,No
CUST0395,Male,Young,West,Standard,49.3,3,No
CUST0396,Female,Senior,West,Standard,63.4,1,Yes
CUST0397,Female,Senior,East,Premium,16.6,5,No
CUST0398,Female,Middle,West,Basic,66.0,7,No
CUST0399,Female,Middle,North,Basic,98.3,7,No
CUST0400,Male,Senior,North,Basic,27.1,6,No
CUST0401,Female,Middle,West,Basic,81.3,5,No
CUST0402,Female,Young,South,Basic,91.7,1,No
CUST0403,Male,Middle,West,Premium,94.9,6,No
CUST0404,Male,Middle,West,Basic,96.4,4,No
CUST0405,Female,Middle,North,Basic,56.9,5,No
CUST0406,Female,Middle,East,Standard,98.0,9,No
CUST0407,Female,Senior,North,Standard,78.2,7,Yes
CUST0408,Female,Senior,East,Standard,24.6,7,No
CUST0409,Female,Middle,North,Basic,52.9,2,No
CUST0410,Female,Young,West,Standard,74.6,6,No
CUST0411,Male,Senior,North,Basic,32.3,0,Yes
CUST0412,Female,Senior,North,Basic,67.7,0,Yes
CUST0413,Female,Young,North,Premium,70.0,6,No
CUST0414,Male,Senior,West,Basic,24.6,9,No
CUST0415,Male,Senior,West,Standard,60.9,8,No
CUST0416,Male,Middle,West,Standard,79.4,6,No
CUST0417,Male,Middle,West,Standard,54.9,9,No
CUST0418,Female,Young,East,Premium,11.1,4,No
CUST0419,Female,Young,East,Basic,10.8,7,No
CUST0420,Female,Young,South,Standard,42.1,1,No
CUST0421,Female,Senior,West,Premium,93.4,8,No
CUST0422,Female,Young,East,Standard,30.6,5,No
CUST0423,Female,Young,North,Premium,67.1,8,No
CUST0424,Male,Young,West,Basic,30.0,1,No
CUST0425,Female,Middle,South,Standard,39.0,2,No
CUST0426,Male,Senior,South,Basic,86.3,7,Yes
CUST0427,Male,Young,South,Standard,75.6,0,No
CUST0428,Female,Young,North,Premium,18.6,9,No
CUST0429,Male,Middle,East,Basic,48.6,6,Yes
CUST0430,Female,Middle,North,Standard,12.6,6,No
CUST0431,Male,Young,West,Basic,53.3,0,No
CUST0432,Female,Middle,South,Standard,69.6,8,No
CUST0433,Male,Young,North,Standard,20.7,7,No
CUST0434,Female,Young,North,Premium,36.0,3,Yes
CUST0435,Female,Middle,East,Standard,45.8,9,No
CUST0436,Female,Middle,East,Standard,92.8,4,No
CUST0437,Female,Senior,South,Basic,99.4,1,No
CUST0438,Female,Young,North,Basic,14.0,8,No
CUST0439,Male,Middle,North,Basic,78.5,5,No
CUST0440,Male,Middle,East,Basic,43.5,2,No
CUST0441,Male,Young,North,Premium,45.3,6,No
CUST0442,Female,Middle,North,Standard,77.9,8,No
CUST0443,Male,Young,North,Standard,92.7,2,No
CUST0444,Female,Senior,East,Basic,95.6,1,Yes
CUST0445,Female,Young,South,Premium,61.9,6,No
CUST0446,Male,Middle,West,Standard,42.1,6,Yes
CUST0447,Male,Young,South,Basic,80.9,3,No
CUST0448,Female,Senior,West,Standard,32.6,8,No
CUST0449,Male,Middle,North,Standard,60.8,7,No
CUST0450,Female,Middle,South,Basic,42.3,0,No
CUST0451,Female,Young,West,Standard,69.1,0,No
CUST0452,Female,Middle,East,Standard,31.6,4,No
CUST0453,Female,Young,East,Basic,27.2,5,No
CUST0454,Female,Senior,South,Premium,92.6,2,No
CUST0455,Male,Young,South,Premium,19.2,8,Yes
CUST0456,Male,Young,North,Standard,55.5,9,No
CUST0457,Female,Young,South,Standard,29.9,5,No
CUST0458,Female,Middle,North,Standard,13.5,3,No
CUST0459,Male,Middle,North,Standard,13.2,6,No
CUST0460,Male,Young,East,Standard,25.8,7,No
CUST0461,Female,Middle,East,Basic,88.0,8,No
CUST0462,Male,Middle,West,Standard,35.4,5,No
CUST0463,Female,Middle,East,Premium,95.5,5,No
CUST0464,Male,Middle,East,Standard,62.3,7,Yes
CUST0465,Female,Middle,South,Basic,49.3,4,No
CUST0466,Male,Middle,East,Standard,62.2,2,No
CUST0467,Female,Young,West,Basic,56.5,2,No
CUST0468,Male,Young,South,Basic,78.3,5,No
CUST0469,Male,Senior,West,Basic,35.4,1,No
CUST0470,Female,Senior,East,Standard,41.8,5,Yes
CUST0471,Male,Young,West,Standard,90.5,5,No
CUST0472,Female,Young,South,Standard,95.2,7,No
CUST0473,Male,Middle,North,Basic,90.3,6,No
CUST0474,Female,Middle,West,Premium,47.8,7,No
CUST0475,Male,Young,West,Premium,80.2,8,No
CUST0476,Female,Young,South,Premium,52.9,5,No
CUST0477,Male,Middle,South,Basic,54.8,2,No
CUST0478,Female,Middle,West,Standard,28.4,9,No
CUST0479,Male,Young,East,Premium,63.2,2,No
CUST0480,Female,Young,West,Standard,26.8,0,No
CUST0481,Female,Young,South,Basic,39.8,4,No
CUST0482,Female,Middle,North,Basic,87.0,3,No
CUST0483,Male,Young,North,Standard,28.6,8,No
CUST0484,Female,Young,East,Premium,16.4,8,No
CUST0485,Male,Middle,West,Standard,16.2,4,No
CUST0486,Female,Young,North,Standard,94.7,9,No
CUST0487,Male,Middle,West,Basic,55.6,3,No
CUST0488,Female,Young,South,Standard,46.8,6,No
CUST0489,Male,Young,North,Premium,83.0,5,Yes
CUST0490,Male,Young,East,Standard,85.2,3,No
CUST0491,Female,Middle,South,Standard,39.9,9,No
CUST0492,Male,Senior,East,Premium,72.4,1,No
CUST0493,Male,Senior,South,Basic,79.4,0,Yes
CUST0494,Female,Young,North,Standard,68.9,3,No
CUST0495,Male,Middle,East,Basic,23.6,3,Yes
CUST0496,Male,Young,East,Standard,88.8,0,No
CUST0497,Male,Young,South,Standard,58.5,5,No
CUST0498,Female,Senior,East,Standard,35.4,3,No
CUST0499,Male,Young,South,Standard,48.3,0,No
CUST0500,Female,Young,South,Standard,13.4,0,No
CUST0501,Male,Young,South,Premium,21.5,0,Yes
CUST0502,Male,Young,South,Standard,78.9,7,No
CUST0503,Male,Young,North,Basic,10.0,9,No
CUST0504,Female,Middle,South,Standard,47.5,7,No
CUST0505,Male,Middle,West,Standard,57.0,1,No
CUST0506,Male,Senior,East,Standard,14.9,6,No
CUST0507,Female,Senior,West,Premium,97.6,7,Yes
CUST0508,Male,Young,North,Premium,30.4,7,No
CUST0509,Female,Young,West,Basic,37.4,9,Yes
CUST0510,Female,Young,East,Premium,37.4,6,Yes
CUST0511,Male,Middle,West,Basic,30.7,4,No
CUST0512,Female,Young,North,Basic,10.1,0,No
CUST0513,Male,Middle,South,Basic,75.6,8,No
CUST0514,Female,Middle,West,Premium,97.0,6,No
CUST0515,Female,Middle,North,Standard,30.2,1,No
CUST0516,Male,Middle,North,Basic,69.7,5,Yes
CUST0517,Female,Young,East,Standard,76.8,1,No
CUST0518,Female,Senior,East,Standard,86.4,0,Yes
CUST0519,Female,Middle,West,Basic,48.0,6,No
CUST0520,Female,Young,South,Premium,37.3,1,No
CUST0521,Female,Senior,North,Premium,39.3,1,No
CUST0522,Male,Middle,West,Standard,74.1,4,Yes
CUST0523,Female,Senior,North,Premium,83.5,4,No
CUST0524,Male,Middle,North,Standard,26.3,6,No
CUST0525,Female,Middle,South,Premium,43.4,0,No
CUST0526,Male,Young,South,Standard,91.2,7,Yes
CUST0527,Male,Young,West,Standard,82.6,2,No
CUST0528,Female,Middle,South,Basic,98.6,3,No
CUST0529,Female,Middle,South,Premium,77.9,8,No
CUST0530,Female,Young,West,Standard,45.4,3,No
CUST0531,Male,Young,South,Basic,63.2,9,No
CUST0532,Female,Senior,East,Basic,69.5,4,No
CUST0533,Male,Senior,North,Standard,17.1,6,No
CUST0534,Male,Middle,North,Standard,59.0,3,No
CUST0535,Male,Young,North,Standard,73.8,0,No
CUST0536,Female,Young,North,Premium,25.1,8,No
CUST0537,Female,Young,West,Basic,80.3,3,No
CUST0538,Male,Senior,North,Standard,62.5,8,No
CUST0539,Male,Young,North,Basic,95.7,5,Yes
CUST0540,Female,Middle,North,Premium,13.8,0,Yes
CUST0541,Male,Young,North,Premium,33.9,2,No
CUST0542,Female,Middle,East,Standard,64.1,1,No
CUST0543,Male,Middle,North,Standard,36.7,8,No
CUST0544,Female,Senior,East,Standard,74.3,0,No
CUST0545,Male,Young,West,Standard,78.3,8,No
CUST0546,Female,Young,South,Premium,19.2,8,Yes
CUST0547,Male,Young,North,Standard,56.2,7,No
CUST0548,Female,Senior,South,Standard,55.8,7,No
CUST0549,Female,Senior,South,Standard,43.2,0,Yes
CUST0550,Male,Middle,West,Premium,94.0,7,No
CUST0551,Male,Middle,South,Standard,84.5,9,No
CUST0552,Female,Middle,East,Basic,72.7,2,No
CUST0553,Male,Young,South,Standard,74.3,6,No
CUST0554,Female,Senior,South,Premium,51.6,0,No
CUST0555,Male,Middle,South,Basic,92.9,0,No
CUST0556,Female,Young,North,Basic,72.5,9,Yes
CUST0557,Female,Middle,North,Basic,75.6,4,No
CUST0558,Female,Young,East,Standard,87.6,4,No
CUST0559,Female,Young,East,Standard,34.7,7,No
CUST0560,Female,Middle,North,Standard,82.6,6,No
CUST0561,Female,Young,East,Standard,27.6,7,No
CUST0562,Male,Middle,North,Standard,41.1,5,No
CUST0563,Male,Young,West,Standard,40.2,5,Yes
CUST0564,Male,Young,South,Premium,98.1,1,No
CUST0565,Female,Young,South,Standard,87.1,5,No
CUST0566,Female,Young,East,Premium,73.1,4,No
CUST0567,Female,Middle,North,Standard,75.4,2,No
CUST0568,Female,Young,North,Basic,60.6,5,No
CUST0569,Male,Middle,East,Standard,95.2,7,No
CUST0570,Male,Middle,North,Standard,54.7,8,No
CUST0571,Female,Middle,West,Standard,44.2,0,No
CUST0572,Male,Senior,South,Basic,24.7,2,No
CUST0573,Male,Middle,East,Basic,80.8,2,No
CUST0574,Female,Young,East,Premium,76.1,7,No
CUST0575,Male,Young,North,Basic,44.6,0,No
CUST0576,Female,Young,East,Premium,12.3,4,No
CUST0577,Male,Middle,West,Basic,85.5,2,No
CUST0578,Female,Young,North,Standard,11.0,1,No
CUST0579,Female,Middle,North,Standard,73.3,7,No
CUST0580,Female,Middle,North,Standard,97.3,2,No
CUST0581,Female,Young,North,Standard,49.4,6,No
CUST0582,Male,Middle,West,Basic,31.1,0,No
CUST0583,Female,Young,North,Basic,73.4,5,No
CUST0584,Female,Young,East,Standard,83.5,2,Yes
CUST0585,Female,Middle,West,Standard,59.2,7,No
CUST0586,Male,Middle,South,Premium,97.0,5,No
CUST0587,Female,Middle,South,Premium,14.7,1,No
CUST0588,Male,Middle,East,Standard,55.4,5,No
CUST0589,Female,Young,East,Standard,74.7,6,No
CUST0590,Male,Senior,West,Standard,87.6,4,No
CUST0591,Male,Middle,South,Basic,26.1,2,No
CUST0592,Female,Middle,South,Premium,82.0,3,No
CUST0593,Male,Young,South,Standard,59.7,3,No
CUST0594,Female,Middle,South,Standard,45.7,5,No
CUST0595,Female,Young,South,Basic,21.9,9,Yes
CUST0596,Female,Young,North,Standard,87.9,0,No
CUST0597,Male,Senior,East,Standard,24.2,3,No
CUST0598,Male,Young,North,Premium,37.9,9,No
CUST0599,Female,Senior,South,Standard,36.1,3,No
CUST0600,Female,Middle,West,Standard,88.4,9,No
CUST0601,Male,Young,West,Premium,70.5,0,No
CUST0602,Female,Middle,South,Basic,81.7,8,No
CUST0603,Female,Senior,South,Standard,32.5,3,No
CUST0604,Female,Middle,West,Basic,66.2,6,No
CUST0605,Male,Senior,North,Standard,61.5,2,No
CUST0606,Male,Middle,North,Premium,85.0,9,No
CUST0607,Male,Middle,South,Basic,91.5,2,No
CUST0608,Female,Senior,North,Premium,11.1,7,No
CUST0609,Female,Young,West,Basic,70.7,7,No
CUST0610,Female,Middle,North,Premium,14.7,0,No
CUST0611,Male,Young,South,Standard,59.4,9,No
CUST0612,Female,Senior,West,Premium,35.9,1,No
CUST0613,Female,Senior,North,Basic,37.6,7,Yes
CUST0614,Female,Young,East,Premium,41.8,0,No
CUST0615,Female,Middle,West,Standard,65.9,7,Yes
CUST0616,Male,Senior,West,Standard,40.1,7,No
CUST0617,Male,Young,East,Premium,75.9,1,No
CUST0618,Female,Middle,East,Basic,46.4,3,No
CUST0619,Male,Senior,West,Premium,16.2,5,No
CUST0620,Male,Young,East,Basic,80.5,8,No
CUST0621,Female,Middle,South,Standard,35.7,7,No
CUST0622,Female,Young,South,Standard,48.9,7,No
CUST0623,Male,Senior,South,Basic,71.7,6,No
CUST0624,Female,Senior,West,Basic,39.9,8,No
CUST0625,Male,Senior,East,Basic,15.1,1,No
CUST0626,Female,Middle,East,Standard,43.7,2,No
CUST0627,Male,Senior,North,Standard,95.0,9,No
CUST0628,Female,Senior,North,Standard,67.8,7,No
CUST0629,Male,Young,East,Basic,70.4,5,No
CUST0630,Male,Senior,East,Basic,66.9,9,No
CUST0631,Male,Young,East,Standard,27.9,8,No
CUST0632,Female,Middle,West,Basic,47.7,9,Yes
CUST0633,Male,Young,East,Premium,77.6,3,No
CUST0634,Male,Young,North,Premium,19.1,7,No
CUST0635,Female,Young,West,Standard,35.0,9,No
CUST0636,Female,Middle,East,Standard,34.9,2,Yes
CUST0637,Male,Young,North,Premium,48.9,2,No
CUST0638,Male,Middle,West,Basic,98.2,7,No
CUST0639,Female,Young,East,Basic,16.1,4,No
CUST0640,Female,Young,East,Basic,56.7,2,No
CUST0641,Female,Middle,East,Standard,26.1,9,Yes
CUST0642,Female,Middle,West,Basic,97.4,0,No
CUST0643,Female,Young,North,Standard,20.2,2,No
CUST0644,Male,Middle,North,Premium,46.3,8,No
CUST0645,Female,Senior,South,Premium,76.4,4,No
CUST0646,Male,Middle,East,Standard,73.4,9,No
CUST0647,Male,Young,South,Basic,48.0,1,No
CUST0648,Male,Young,South,Premium,41.2,6,Yes
CUST0649,Female,Senior,North,Standard,45.8,1,No
CUST0650,Male,Young,West,Basic,33.8,3,No
CUST0651,Male,Senior,West,Basic,28.5,6,No
CUST0652,Female,Middle,North,Premium,53.5,3,No
CUST0653,Male,Senior,West,Standard,34.2,6,No
CUST0654,Male,Middle,South,Premium,35.9,6,No
CUST0655,Female,Senior,East,Premium,69.1,0,No
CUST0656,Male,Young,North,Standard,97.2,5,No
CUST0657,Male,Middle,East,Standard,64.3,8,No
CUST0658,Male,Middle,West,Standard,16.9,1,No
CUST0659,Female,Middle,East,Standard,16.8,2,No
CUST0660,Female,Middle,West,Standard,95.6,9,No
CUST0661,Female,Senior,West,Standard,36.8,4,No
CUST0662,Male,Senior,South,Standard,18.3,8,No
CUST0663,Male,Middle,West,Premium,63.9,3,No
CUST0664,Female,Middle,South,Standard,66.1,0,No
CUST0665,Male,Middle,South,Standard,68.4,3,No
CUST0666,Male,Middle,South,Standard,34.1,5,No
CUST0667,Female,Young,North,Standard,11.4,4,Yes
CUST0668,Female,Young,North,Standard,96.9,0,No
CUST0669,Male,Young,West,Basic,32.6,3,No
CUST0670,Male,Young,South,Standard,70.8,5,No
CUST0671,Male,Young,North,Basic,73.6,9,No
CUST0672,Female,Young,South,Standard,64.9,9,No
CUST0673,Female,Young,East,Standard,38.2,3,No
CUST0674,Female,Young,East,Standard,34.4,8,No
CUST0675,Female,Senior,East,Premium,63.8,4,Yes
CUST0676,Male,Middle,West,Standard,87.9,7,No
CUST0677,Female,Young,South,Standard,95.2,8,No
CUST0678,Female,Middle,East,Standard,19.5,9,No
CUST0679,Female,Young,North,Standard,23.9,4,No
CUST0680,Female,Senior,East,Basic,95.0,5,Yes
CUST0681,Female,Middle,East,Basic,76.3,0,No
CUST0682,Male,Young,East,Standard,89.5,6,No
CUST0683,Male,Middle,West,Standard,28.2,3,No
CUST0684,Female,Senior,North,Basic,62.9,1,No
CUST0685,Male,Senior,South,Basic,73.1,4,No
CUST0686,Female,Middle,North,Basic,71.2,2,No
CUST0687,Female,Middle,South,Premium,46.7,5,No
CUST0688,Male,Young,West,Standard,11.4,7,No
CUST0689,Male,Senior,West,Standard,62.5,6,No
CUST0690,Female,Young,West,Basic,32.8,2,No
CUST0691,Female,Senior,West,Standard,50.5,7,No
CUST0692,Female,Middle,South,Basic,96.2,1,Yes
CUST0693,Male,Middle,East,Basic,45.9,9,No
CUST0694,Female,Middle,South,Standard,85.6,8,No
CUST0695,Female,Young,North,Basic,27.0,3,No
CUST0696,Female,Young,West,Basic,70.5,0,No
CUST0697,Male,Young,West,Basic,97.9,7,Yes
CUST0698,Female,Young,North,Basic,19.2,6,No
CUST0699,Female,Middle,South,Basic,10.7,4,No
CUST0700,Male,Young,East,Standard,49.0,9,No
CUST0701,Female,Young,East,Premium,18.3,4,No
CUST0702,Female,Senior,North,Standard,77.4,6,No
CUST0703,Male,Senior,East,Standard,92.3,4,No
CUST0704,Female,Senior,South,Basic,49.1,7,No
CUST0705,Male,Senior,South,Premium,33.3,5,No
CUST0706,Male,Young,North,Standard,49.1,4,No
CUST0707,Female,Young,South,Basic,75.1,8,No
CUST0708,Female,Middle,West,Standard,10.8,1,No
CUST0709,Female,Middle,North,Basic,63.1,0,No
CUST0710,Female,Young,South,Standard,65.2,7,No
CUST0711,Male,Senior,North,Standard,67.4,2,No
CUST0712,Female,Young,East,Premium,31.8,6,No
CUST0713,Male,Young,South,Standard,74.3,9,No
CUST0714,Female,Middle,West,Standard,18.2,7,No
CUST0715,Female,Middle,South,Premium,27.9,5,No
CUST0716,Female,Middle,North,Basic,89.0,9,Yes
CUST0717,Male,Young,North,Basic,76.5,8,No
CUST0718,Female,Senior,South,Standard,11.2,6,No
CUST0719,Female,Young,West,Standard,32.4,9,No
CUST0720,Female,Young,West,Standard,29.3,4,No
CUST0721,Female,Senior,West,Premium,34.4,7,No
CUST0722,Male,Senior,North,Standard,32.3,1,No
CUST0723,Female,Senior,South,Standard,15.6,6,No
CUST0724,Male,Senior,East,Standard,51.3,3,No
CUST0725,Male,Middle,North,Premium,75.9,8,No
CUST0726,Male,Middle,West,Premium,64.6,0,No
CUST0727,Male,Young,South,Premium,70.6,6,No
CUST0728,Male,Middle,West,Basic,17.3,5,No
CUST0729,Male,Young,East,Standard,95.6,7,No
CUST0730,Female,Young,West,Basic,85.5,4,No
CUST0731,Male,Middle,West,Basic,82.5,0,No
CUST0732,Male,Middle,East,Basic,84.1,0,No
CUST0733,Male,Young,South,Standard,93.9,8,No
CUST0734,Female,Young,North,Standard,59.0,9,No
CUST0735,Female,Middle,South,Basic,28.0,5,No
CUST0736,Male,Young,East,Standard,65.5,9,No
CUST0737,Female,Senior,West,Standard,76.9,4,No
CUST0738,Male,Middle,South,Standard,76.4,0,No
CUST0739,Male,Middle,North,Basic,56.9,5,No
CUST0740,Female,Middle,East,Standard,16.2,5,Yes
CUST0741,Male,Senior,South,Standard,43.4,2,No
CUST0742,Female,Young,North,Basic,92.9,7,Yes
CUST0743,Female,Middle,East,Basic,62.6,0,No
CUST0744,Male,Middle,North,Standard,58.4,0,No
CUST0745,Male,Young,East,Premium,34.2,5,No
CUST0746,Female,Senior,West,Standard,43.2,9,No
CUST0747,Male,Middle,South,Standard,90.6,0,No
CUST0748,Male,Middle,North,Standard,70.0,5,No
CUST0749,Male,Senior,East,Standard,80.9,0,No
CUST0750,Female,Senior,North,Basic,50.9,5,No
CUST0751,Female,Middle,North,Standard,66.7,2,No
CUST0752,Male,Senior,South,Premium,32.4,7,No
CUST0753,Female,Middle,West,Standard,73.5,5,No
CUST0754,Female,Middle,North,Premium,48.5,0,No
CUST0755,Female,Middle,East,Standard,49.8,4,No
CUST0756,Female,Middle,East,Basic,68.4,7,No
CUST0757,Female,Young,West,Premium,94.3,2,No
CUST0758,Male,Senior,East,Basic,15.8,5,No
CUST0759,Male,Senior,West,Standard,84.2,4,Yes
CUST0760,Male,Young,East,Basic,36.3,5,No
CUST0761,Female,Senior,South,Basic,50.0,9,No
CUST0762,Female,Young,North,Standard,12.0,0,No
CUST0763,Male,Young,South,Basic,37.1,6,Yes
CUST0764,Female,Middle,North,Standard,55.2,8,No
CUST0765,Male,Young,North,Standard,15.1,1,No
CUST0766,Male,Senior,North,Basic,54.2,9,No
CUST0767,Male,Senior,South,Basic,93.4,4,No
CUST0768,Female,Middle,North,Standard,19.5,9,No
CUST0769,Female,Young,South,Standard,78.8,3,No
CUST0770,Male,Young,West,Standard,46.9,5,No
CUST0771,Male,Middle,East,Standard,69.0,5,No
CUST0772,Male,Senior,East,Premium,33.4,1,Yes
CUST0773,Male,Middle,North,Standard,24.4,1,No
CUST0774,Female,Young,South,Standard,24.4,3,No
CUST0775,Female,Middle,East,Standard,16.3,0,No
CUST0776,Male,Middle,South,Basic,26.7,8,No
CUST0777,Male,Middle,South,Standard,69.8,6,No
CUST0778,Female,Young,North,Standard,89.4,6,No
CUST0779,Female,Middle,East,Standard,83.3,2,Yes
CUST0780,Male,Middle,North,Standard,71.7,2,No
CUST0781,Male,Senior,North,Premium,19.9,0,No
CUST0782,Male,Young,East,Premium,36.0,2,No
CUST0783,Female,Middle,East,Premium,37.9,2,No
CUST0784,Female,Senior,West,Standard,32.5,3,No
CUST0785,Female,Young,West,Standard,56.4,3,No
CUST0786,Male,Senior,South,Standard,58.2,2,No
CUST0787,Male,Middle,East,Standard,42.1,9,No
CUST0788,Female,Young,West,Standard,41.8,7,No
CUST0789,Female,Young,South,Standard,84.6,7,No
CUST0790,Male,Middle,South,Standard,81.0,0,No
CUST0791,Female,Young,South,Standard,37.7,6,No
CUST0792,Female,Middle,West,Basic,92.2,1,No
CUST0793,Male,Young,East,Standard,95.8,0,No
CUST0794,Female,Middle,North,Basic,39.4,2,No
CUST0795,Male,Young,South,Premium,41.9,3,No
CUST0796,Male,Senior,West,Standard,55.5,5,No
CUST0797,Male,Senior,West,Basic,94.7,9,No
CUST0798,Male,Senior,North,Basic,88.9,4,No
CUST0799,Male,Middle,North,Standard,19.2,3,No
CUST0800,Male,Young,West,Standard,45.3,7,No
